{
  "metadata": {
    "timestamp": "20260223_142219",
    "n_samples": 163,
    "n_domains": 4,
    "metrics_used": [
      "mean_influence",
      "max_influence",
      "top_100_concentration",
      "mean_activation",
      "logit_entropy",
      "max_logit_prob"
    ],
    "standardized": true
  },
  "domain_geometries": {
    "grammar": {
      "domain": "grammar",
      "n_samples": 50,
      "c_over_a": 0.3849096704679907,
      "b_over_a": 0.5665523640758088,
      "shape_class": "Prolate",
      "eigenvalue_entropy": 1.0695514397744539,
      "effective_dimensionality": 2.1890131166980744,
      "misalignment_angle": 33.27213018588079,
      "centroid": [
        1.1939952602211612,
        -0.45315356739368573,
        1.0291375851650837,
        0.8764323041666302,
        0.5448728291832372,
        -0.5945333072029094
      ],
      "eigenvalues": [
        3.0991529663995045,
        0.9947710196592018,
        0.4591564160533191,
        0.18551503417260082,
        0.11846113840841546,
        0.01729569187012971
      ],
      "explained_variance_ratio": [
        0.635808164227053,
        0.20408270991882974,
        0.09419844749486336,
        0.03805942287864323,
        0.024302949793150782,
        0.003548305687460014
      ]
    },
    "commonsense": {
      "domain": "commonsense",
      "n_samples": 50,
      "c_over_a": 0.4817728272365191,
      "b_over_a": 0.5623051764512,
      "shape_class": "Prolate",
      "eigenvalue_entropy": 1.0618380860106926,
      "effective_dimensionality": 2.257474951352963,
      "misalignment_angle": 67.05988730209553,
      "centroid": [
        -0.33220002383670677,
        -0.14602358932022674,
        -0.3927245003869221,
        -0.07216532636715806,
        0.5643349816084968,
        -0.6081313353260355
      ],
      "eigenvalues": [
        1.0849753625747145,
        0.3430552259019046,
        0.25182826844286194,
        0.04848560386669256,
        0.018053876802231073,
        0.006430799842362964
      ],
      "explained_variance_ratio": [
        0.6189852390091093,
        0.19571515476102955,
        0.14366960422165423,
        0.02766134064713288,
        0.010299849778110022,
        0.003668811582964095
      ]
    },
    "nli": {
      "domain": "nli",
      "n_samples": 50,
      "c_over_a": 0.18954537349513972,
      "b_over_a": 0.5494022420213464,
      "shape_class": "Prolate",
      "eigenvalue_entropy": 0.781337535293865,
      "effective_dimensionality": 1.7313801550760821,
      "misalignment_angle": 54.237982468593046,
      "centroid": [
        -0.6241114129257473,
        0.19911589651848055,
        -0.5008683973424992,
        -0.7253811324464746,
        -0.6338488283503207,
        0.7952245815548682
      ],
      "eigenvalues": [
        2.3058328288484535,
        0.6959990916664203,
        0.08284269046957127,
        0.056061706393480785,
        0.02633199897628019,
        0.005121853144489786
      ],
      "explained_variance_ratio": [
        0.7268898475947445,
        0.2194064839991638,
        0.02611529764707107,
        0.017672870602943792,
        0.008300889155217785,
        0.001614611000859131
      ]
    },
    "paraphrase": {
      "domain": "paraphrase",
      "n_samples": 13,
      "c_over_a": 0.4818497012753137,
      "b_over_a": 0.5169663625269169,
      "shape_class": "Prolate",
      "eigenvalue_entropy": 1.028200553999079,
      "effective_dimensionality": 2.1575771891896123,
      "misalignment_angle": 82.11933149310765,
      "centroid": [
        -0.9141685517642574,
        1.538697154597814,
        -0.5213257209063931,
        -0.3034070975115157,
        -1.8283037786208234,
        1.5670771575926044
      ],
      "eigenvalues": [
        0.5162327357480165,
        0.1379653771227034,
        0.11985846984802967,
        0.020396223253605385,
        0.00801478396906689,
        0.0025795346968836403
      ],
      "explained_variance_ratio": [
        0.6412453630959201,
        0.17137552933275677,
        0.14888379348212707,
        0.025335440161678827,
        0.009955670573530466,
        0.0032042033539869895
      ]
    }
  },
  "inter_domain": {
    "domains": [
      "grammar",
      "commonsense",
      "nli",
      "paraphrase"
    ],
    "centroid_distance_matrix": [
      [
        0.0,
        2.3120756486850422,
        3.4581069468742576,
        4.744713737142753
      ],
      [
        2.3120756486850422,
        0.0,
        2.011907499717012,
        3.7017880284727367
      ],
      [
        3.4581069468742576,
        2.011907499717012,
        0.0,
        2.0197947188754304
      ],
      [
        4.744713737142753,
        3.7017880284727367,
        2.0197947188754304,
        0.0
      ]
    ],
    "mean_centroid_distance": 3.0413977632945386
  },
  "shape_statistics": {
    "eff_dim_variance": 0.042718898584223376,
    "c_over_a_variance": 0.014236609994537047,
    "b_over_a_variance": 0.00037781980514670814
  },
  "pca": {
    "explained_variance_ratio": [
      0.5335223008415488,
      0.2388737273807664,
      0.15523127789062574
    ],
    "components": [
      [
        0.48405449645652066,
        -0.22479141315213236,
        0.4260769458252941,
        0.4266203535905173,
        0.4132086338821191,
        -0.42529072416060965
      ],
      [
        -0.25562866255804895,
        -0.32727826102696034,
        -0.4536727966114813,
        -0.3849498062981907,
        0.4995836301683805,
        -0.47323753385740336
      ],
      [
        -0.2932064692366882,
        0.8483967888652377,
        0.10738641480966293,
        0.09236142928816489,
        0.29152117853298964,
        -0.2986733697566938
      ]
    ]
  }
}