{
  "metadata": {
    "timestamp": "20260312_144556",
    "n_samples": 163,
    "metrics": [
      "mean_influence",
      "max_influence",
      "top_100_concentration",
      "mean_activation",
      "max_activation",
      "logit_entropy",
      "max_logit_prob",
      "n_active",
      "n_edges"
    ],
    "domains": [
      "grammar",
      "commonsense",
      "nli",
      "paraphrase"
    ]
  },
  "effect_sizes": {
    "mean_influence": {
      "grammar_vs_commonsense": {
        "cohens_d": 2.0887356070080214,
        "p_value": 1.3209832416102334e-17,
        "n1": 50,
        "n2": 50,
        "mean1": 0.010648825885728002,
        "mean2": 0.005365259163081646
      },
      "grammar_vs_nli": {
        "cohens_d": 2.4515414185660966,
        "p_value": 1.7054987484052625e-21,
        "n1": 50,
        "n2": 50,
        "mean1": 0.010648825885728002,
        "mean2": 0.0043546851444989446
      },
      "grammar_vs_paraphrase": {
        "cohens_d": 2.3093914802959197,
        "p_value": 4.423537822376073e-10,
        "n1": 50,
        "n2": 13,
        "mean1": 0.010648825885728002,
        "mean2": 0.0033505303928485284
      },
      "commonsense_vs_nli": {
        "cohens_d": 1.2887059267725762,
        "p_value": 4.382532145381192e-09,
        "n1": 50,
        "n2": 50,
        "mean1": 0.005365259163081646,
        "mean2": 0.0043546851444989446
      },
      "commonsense_vs_paraphrase": {
        "cohens_d": 3.245560851421112,
        "p_value": 3.5417312285022713e-15,
        "n1": 50,
        "n2": 13,
        "mean1": 0.005365259163081646,
        "mean2": 0.0033505303928485284
      },
      "nli_vs_paraphrase": {
        "cohens_d": 1.2041206804160152,
        "p_value": 0.0002694582798587932,
        "n1": 50,
        "n2": 13,
        "mean1": 0.0043546851444989446,
        "mean2": 0.0033505303928485284
      }
    },
    "max_influence": {
      "grammar_vs_commonsense": {
        "cohens_d": -0.3477300958608279,
        "p_value": 0.08523675696707193,
        "n1": 50,
        "n2": 50,
        "mean1": 104.795,
        "mean2": 137.48
      },
      "grammar_vs_nli": {
        "cohens_d": -0.7637777300072842,
        "p_value": 0.00023511996306426698,
        "n1": 50,
        "n2": 50,
        "mean1": 104.795,
        "mean2": 174.21
      },
      "grammar_vs_paraphrase": {
        "cohens_d": -2.7555074617203803,
        "p_value": 1.5335728327739055e-12,
        "n1": 50,
        "n2": 13,
        "mean1": 104.795,
        "mean2": 316.7692307692308
      },
      "commonsense_vs_nli": {
        "cohens_d": -0.366243802454852,
        "p_value": 0.0701061153779399,
        "n1": 50,
        "n2": 50,
        "mean1": 137.48,
        "mean2": 174.21
      },
      "commonsense_vs_paraphrase": {
        "cohens_d": -1.9105494340133715,
        "p_value": 6.874302430207004e-08,
        "n1": 50,
        "n2": 13,
        "mean1": 137.48,
        "mean2": 316.7692307692308
      },
      "nli_vs_paraphrase": {
        "cohens_d": -1.6057389290410875,
        "p_value": 2.867381279113652e-06,
        "n1": 50,
        "n2": 13,
        "mean1": 174.21,
        "mean2": 316.7692307692308
      }
    },
    "top_100_concentration": {
      "grammar_vs_commonsense": {
        "cohens_d": 1.5353457389976393,
        "p_value": 1.2335034708707314e-11,
        "n1": 50,
        "n2": 50,
        "mean1": 0.006916096669677911,
        "mean2": 0.0022627609303608174
      },
      "grammar_vs_nli": {
        "cohens_d": 1.6663405921002687,
        "p_value": 4.94671386050453e-13,
        "n1": 50,
        "n2": 50,
        "mean1": 0.006916096669677911,
        "mean2": 0.001908837813761894
      },
      "grammar_vs_paraphrase": {
        "cohens_d": 1.3465295209252588,
        "p_value": 5.740780312753305e-05,
        "n1": 50,
        "n2": 13,
        "mean1": 0.006916096669677911,
        "mean2": 0.0018418870202651502
      },
      "commonsense_vs_nli": {
        "cohens_d": 0.4615852534646533,
        "p_value": 0.023105817597779778,
        "n1": 50,
        "n2": 50,
        "mean1": 0.0022627609303608174,
        "mean2": 0.001908837813761894
      },
      "commonsense_vs_paraphrase": {
        "cohens_d": 0.5267679277833517,
        "p_value": 0.09574471713873954,
        "n1": 50,
        "n2": 13,
        "mean1": 0.0022627609303608174,
        "mean2": 0.0018418870202651502
      },
      "nli_vs_paraphrase": {
        "cohens_d": 0.10754267755528898,
        "p_value": 0.7309551944611852,
        "n1": 50,
        "n2": 13,
        "mean1": 0.001908837813761894,
        "mean2": 0.0018418870202651502
      }
    },
    "mean_activation": {
      "grammar_vs_commonsense": {
        "cohens_d": 1.0086930795760691,
        "p_value": 2.099701183887604e-06,
        "n1": 50,
        "n2": 50,
        "mean1": 5.624375,
        "mean2": 5.273125
      },
      "grammar_vs_nli": {
        "cohens_d": 1.884114486495477,
        "p_value": 2.1914153943177403e-15,
        "n1": 50,
        "n2": 50,
        "mean1": 5.624375,
        "mean2": 5.03125
      },
      "grammar_vs_paraphrase": {
        "cohens_d": 1.0788446852757205,
        "p_value": 0.0009753783628552571,
        "n1": 50,
        "n2": 13,
        "mean1": 5.624375,
        "mean2": 5.1875
      },
      "commonsense_vs_nli": {
        "cohens_d": 1.3235081245870461,
        "p_value": 1.951091521995182e-09,
        "n1": 50,
        "n2": 50,
        "mean1": 5.273125,
        "mean2": 5.03125
      },
      "commonsense_vs_paraphrase": {
        "cohens_d": 0.35423515252477983,
        "p_value": 0.25964019520358994,
        "n1": 50,
        "n2": 13,
        "mean1": 5.273125,
        "mean2": 5.1875
      },
      "nli_vs_paraphrase": {
        "cohens_d": -1.0341300515512073,
        "p_value": 0.0015150032319440115,
        "n1": 50,
        "n2": 13,
        "mean1": 5.03125,
        "mean2": 5.1875
      }
    },
    "max_activation": {
      "grammar_vs_commonsense": {
        "cohens_d": -0.316589790120285,
        "p_value": 0.11665510927190088,
        "n1": 50,
        "n2": 50,
        "mean1": 186.86,
        "mean2": 207.24
      },
      "grammar_vs_nli": {
        "cohens_d": -1.2942756449887702,
        "p_value": 3.852162608375849e-09,
        "n1": 50,
        "n2": 50,
        "mean1": 186.86,
        "mean2": 261.98
      },
      "grammar_vs_paraphrase": {
        "cohens_d": -2.0509160507479085,
        "p_value": 1.1785658840504938e-08,
        "n1": 50,
        "n2": 13,
        "mean1": 186.86,
        "mean2": 303.84615384615387
      },
      "commonsense_vs_nli": {
        "cohens_d": -0.9261283624701857,
        "p_value": 1.1204289481104626e-05,
        "n1": 50,
        "n2": 50,
        "mean1": 207.24,
        "mean2": 261.98
      },
      "commonsense_vs_paraphrase": {
        "cohens_d": -1.6437063682591782,
        "p_value": 1.8197267706618792e-06,
        "n1": 50,
        "n2": 13,
        "mean1": 207.24,
        "mean2": 303.84615384615387
      },
      "nli_vs_paraphrase": {
        "cohens_d": -0.8908165917322576,
        "p_value": 0.0057703900195997995,
        "n1": 50,
        "n2": 13,
        "mean1": 261.98,
        "mean2": 303.84615384615387
      }
    },
    "logit_entropy": {
      "grammar_vs_commonsense": {
        "cohens_d": -0.06237347764510623,
        "p_value": 0.7558038438465636,
        "n1": 50,
        "n2": 50,
        "mean1": 1.56265625,
        "mean2": 1.57109375
      },
      "grammar_vs_nli": {
        "cohens_d": 1.4811847478780846,
        "p_value": 4.588943994122794e-11,
        "n1": 50,
        "n2": 50,
        "mean1": 1.56265625,
        "mean2": 1.051640625
      },
      "grammar_vs_paraphrase": {
        "cohens_d": 8.677740399456779,
        "p_value": 2.079567078849953e-36,
        "n1": 50,
        "n2": 13,
        "mean1": 1.56265625,
        "mean2": 0.5338040865384616
      },
      "commonsense_vs_nli": {
        "cohens_d": 1.481213582988273,