{
  "domain_profiles": {
    "grammar": {
      "n_samples": 50,
      "n_active": {
        "mean": 8609.6,
        "std": 3773.816008406626,
        "median": 7630.5
      },
      "n_edges": {
        "mean": 10556531.5,
        "std": 7085976.529923955,
        "median": 8702930.0
      },
      "mean_influence": {
        "mean": 0.010648825885728002,
        "std": 0.0035178624319939923,
        "median": 0.010094053577631712
      },
      "top_100_concentration": {
        "mean": 0.006916096669677911,
        "std": 0.004198518311694387,
        "median": 0.006576255646295465
      },
      "mean_activation": {
        "mean": 5.624375,
        "std": 0.4323904433908251,
        "median": 5.5
      },
      "logit_entropy": {
        "mean": 1.56265625,
        "std": 0.11975285205611588,
        "median": 1.5859375
      }
    },
    "commonsense": {
      "n_samples": 50,
      "n_active": {
        "mean": 21681.52,
        "std": 4406.252682685535,
        "median": 20864.0
      },
      "n_edges": {
        "mean": 42514121.88,
        "std": 14182671.0997178,
        "median": 39502566.5
      },
      "mean_influence": {
        "mean": 0.005365259163081646,
        "std": 0.0006495508254388348,
        "median": 0.0053453026339411736
      },
      "top_100_concentration": {
        "mean": 0.0022627609303608174,
        "std": 0.0008625647897338368,
        "median": 0.002094441470755562
      },
      "mean_activation": {
        "mean": 5.273125,
        "std": 0.23570498493555322,
        "median": 5.34375
      },
      "logit_entropy": {
        "mean": 1.57109375,
        "std": 0.14918873743213457,
        "median": 1.6015625
      }
    },
    "Roof shingle removal": {
      "n_samples": 1,
      "n_active": {
        "mean": 16367.0,
        "std": NaN,
        "median": 16367.0
      },
      "n_edges": {
        "mean": 24397011.0,
        "std": NaN,
        "median": 24397011.0
      },
      "mean_influence": {
        "mean": 0.005901668220758438,
        "std": NaN,
        "median": 0.005901668220758438
      },
      "top_100_concentration": {
        "mean": 0.0024744475545008227,
        "std": NaN,
        "median": 0.0024744475545008227
      },
      "mean_activation": {
        "mean": 5.59375,
        "std": NaN,
        "median": 5.59375
      },
      "logit_entropy": {
        "mean": 1.4765625,
        "std": NaN,
        "median": 1.4765625
      }
    },
    "Clean and jerk": {
      "n_samples": 1,
      "n_active": {
        "mean": 26233.0,
        "std": NaN,
        "median": 26233.0
      },
      "n_edges": {
        "mean": 53706780.0,
        "std": NaN,
        "median": 53706780.0
      },
      "mean_influence": {
        "mean": 0.0045356363989412785,
        "std": NaN,
        "median": 0.0045356363989412785
      },
      "top_100_concentration": {
        "mean": 0.0013800812789455286,
        "std": NaN,
        "median": 0.0013800812789455286
      },
      "mean_activation": {
        "mean": 5.46875,
        "std": NaN,
        "median": 5.46875
      },
      "logit_entropy": {
        "mean": 1.6953125,
        "std": NaN,
        "median": 1.6953125
      }
    },
    "Canoeing": {
      "n_samples": 1,
      "n_active": {
        "mean": 41109.0,
        "std": NaN,
        "median": 41109.0
      },
      "n_edges": {
        "mean": 98297459.0,
        "std": NaN,
        "median": 98297459.0
      },
      "mean_influence": {
        "mean": 0.0032077680807560682,
        "std": NaN,
        "median": 0.0032077680807560682
      },
      "top_100_concentration": {
        "mean": 0.0009521049763272357,
        "std": NaN,
        "median": 0.0009521049763272357
      },
      "mean_activation": {
        "mean": 4.96875,
        "std": NaN,
        "median": 4.96875
      },
      "logit_entropy": {
        "mean": 1.5859375,
        "std": NaN,
        "median": 1.5859375
      }
    },
    "High jump": {
      "n_samples": 3,
      "n_active": {
        "mean": 27345.333333333332,
        "std": 5797.910859381449,
        "median": 29744.0
      },
      "n_edges": {
        "mean": 58465126.0,
        "std": 20659294.268782828,
        "median": 65593445.0
      },
      "mean_influence": {
        "mean": 0.004452064633369446,
        "std": 0.0005017190963410384,
        "median": 0.004162604454904795
      },
      "top_100_concentration": {
        "mean": 0.001374241798584169,
        "std": 0.00035341177596141056,
        "median": 0.001246019668306548
      },
      "mean_activation": {
        "mean": 5.177083333333333,
        "std": 0.09021097956087903,
        "median": 5.125
      },
      "logit_entropy": {
        "mean": 1.5390625,
        "std": 0.0900981452708656,
        "median": 1.53125
      }
    },
    "Playing harmonica": {
      "n_samples": 1,
      "n_active": {
        "mean": 32354.0,
        "std": NaN,
        "median": 32354.0
      },
      "n_edges": {
        "mean": 67614330.0,
        "std": NaN,
        "median": 67614330.0
      },
      "mean_influence": {
        "mean": 0.0037586705293506384,
        "std": NaN,
        "median": 0.0037586705293506384
      },
      "top_100_concentration": {
        "mean": 0.003729645788300561,
        "std": NaN,
        "median": 0.003729645788300561
      },
      "mean_activation": {
        "mean": 5.34375,
        "std": NaN,
        "median": 5.34375
      },
      "logit_entropy": {
        "mean": 1.6015625,
        "std": NaN,
        "median": 1.6015625
      }
    },
    "Sumo": {
      "n_samples": 1,
      "n_active": {
        "mean": 28713.0,
        "std": NaN,
        "median": 28713.0
      },
      "n_edges": {
        "mean": 55561706.0,
        "std": NaN,
        "median": 55561706.0
      },
      "mean_influence": {
        "mean": 0.0037723726127296686,
        "std": NaN,
        "median": 0.0037723726127296686
      },
      "top_100_concentration": {
        "mean": 0.0014913732023151692,
        "std": NaN,
        "median": 0.0014913732023151692
      },
      "mean_activation": {
        "mean": 4.9375,
        "std": NaN,
        "median": 4.9375
      },
      "logit_entropy": {
        "mean": 1.4765625,
        "std": NaN,
        "median": 1.4765625
      }
    },
    "Sharpening knives": {
      "n_samples": 6,
      "n_active": {
        "mean": 41241.333333333336,
        "std": 3680.4458244439174,
        "median": 42380.5
      },
      "n_edges": {
        "mean": 107474838.16666667,
        "std": 17949333.39830578,
        "median": 110944018.0
      },
      "mean_influence": {
        "mean": 0.003364144319978853,
        "std": 0.0001278712444746615,
        "median": 0.0033418077509850264
      },
      "top_100_concentration": {
        "mean": 0.00160551886520591,
        "std": 0.00048325454480078377,
        "median": 0.0015615669670540784
      },
      "mean_activation": {
        "mean": 5.026041666666667,
        "std": 0.10158253007612414,
        "median": 5.0
      },
      "logit_entropy": {
        "mean": 1.5924479166666667,
        "std": 0.07252031414398083,
        "median": 1.58203125
      }
    },
    "Playing bagpipes": {
      "n_samples": 1,
      "n_active": {
        "mean": 36703.0,
        "std": NaN,
        "median": 36703.0
      },
      "n_edges": {
        "mean": 82001346.0,
        "std": NaN,
        "median": 82001346.0
      },
      "mean_influence": {
        "mean": 0.003419598564505577,
        "std": NaN,
        "median": 0.003419598564505577
      },
      "top_100_concentration": {
        "mean": 0.00107714098243453,
        "std": NaN,
        "median": 0.00107714098243453
      },
      "mean_activation": {
        "mean": 5.0,
        "std": NaN,
        "median": 5.0
      },
      "logit_entropy": {
        "mean": 1.5859375,
        "std": NaN,
        "median": 1.5859375
      }
    },
    "Playing water polo": {
      "n_samples": 1,
      "n_active": {
        "mean": 39322.0,